{
  "cpu": {
    "system_time": {"mean": 0.0015625, "stdev": 0.004687500000000001, "min": 0.0, "max": 0.015625},
    "total_time": {"mean": 0.0015625, "stdev": 0.004687500000000001, "min": 0.0, "max": 0.015625},
    "user_time": {"mean": 0.0, "stdev": 0.0, "min": 0.0, "max": 0.0}
  },
  "disk": {
    "other_bytes": {"mean": 237.6, "stdev": 71.71499145924791, "min": 68, "max": 324},
    "read_bytes": {"mean": 0.0, "stdev": 0.0, "min": 0, "max": 0},
    "total_bytes": {"mean": 0.0, "stdev": 0.0, "min": 0, "max": 0},
    "write_bytes": {"mean": 0.0, "stdev": 0.0, "min": 0, "max": 0}
  },
  "memory": {
    "max": {"mean": 3023667.2, "stdev": 204937.57938884708, "min": 2682880, "max": 3354624},
    "max_perprocess": {"mean": 3023667.2, "stdev": 204937.57938884708, "min": 2682880, "max": 3354624}
  },
  "process": {
    "execution_time": {"mean": 0.015000000000000003, "stdev": 0.0027568097504180444, "min": 0.012, "max": 0.021},
    "exit_code": {"mean": 101.0, "stdev": 0.0, "min": 101, "max": 101},
    "stderr_data": "None",
    "stdout_data": "None"
  },
  "time_series": {
    "cpu_percentages": {"mean": 0.0, "stdev": 0.0, "min": 0.0, "max": 0.0},
    "memory_bytes": {"mean": 3023667.2, "stdev": 204937.57938884708, "min": 2682880, "max": 3354624},
    "sample_milliseconds": {"mean": 1.9, "stdev": 0.5385164807134505, "min": 1, "max": 3}
  }
}
