{
  "cpu": {
    "system_time": {"mean": 0.371875, "stdev": 0.1701332198602025, "min": 0.203125, "max": 0.8125},
    "total_time": {"mean": 5.903125, "stdev": 0.6599893465049265, "min": 4.984375, "max": 6.9375},
    "user_time": {"mean": 5.53125, "stdev": 0.5322600691861076, "min": 4.78125, "max": 6.328125}
  },
  "disk": {
    "other_bytes": {"mean": 1199.2, "stdev": 9.6, "min": 1196, "max": 1228},
    "read_bytes": {"mean": 670.0, "stdev": 0.0, "min": 670, "max": 670},
    "total_bytes": {"mean": 688.0, "stdev": 0.0, "min": 688, "max": 688},
    "write_bytes": {"mean": 18.0, "stdev": 0.0, "min": 18, "max": 18}
  },
  "memory": {
    "max": {"mean": 806257049.6, "stdev": 1416485.9307988342, "min": 802807808, "max": 808189952},
    "max_perprocess": {"mean": 806257049.6, "stdev": 1416485.9307988342, "min": 802807808, "max": 808189952}
  },
  "process": {
    "execution_time": {"mean": 7.1262, "stdev": 0.25844527467144773, "min": 6.673, "max": 7.509},
    "exit_code": {"mean": 0.0, "stdev": 0.0, "min": 0, "max": 0},
    "stderr_data": "None",
    "stdout_data": "None"
  },
  "time_series": {
    "cpu_percentages": {"mean": 34.716897221904645, "stdev": 76.6015615658014, "min": 0.0, "max": 976.6},
    "memory_bytes": {"mean": 550694369.7377386, "stdev": 248580710.97560847, "min": 2306048, "max": 808189952},
    "sample_milliseconds": {"mean": 3300.4302046415914, "stdev": 2077.305764957878, "min": 3, "max": 7493}
  }
}
