{
  "cpu": {
    "system_time": {"mean": 0.41875, "stdev": 0.10592782035423932, "min": 0.21875, "max": 0.5625},
    "total_time": {"mean": 6.50625, "stdev": 1.0522529772469167, "min": 5.5625, "max": 9.21875},
    "user_time": {"mean": 6.0875, "stdev": 1.0044626984114442, "min": 5.1875, "max": 8.65625}
  },
  "disk": {
    "other_bytes": {"mean": 1196.0, "stdev": 0.0, "min": 1196, "max": 1196},
    "read_bytes": {"mean": 670.0, "stdev": 0.0, "min": 670, "max": 670},
    "total_bytes": {"mean": 688.0, "stdev": 0.0, "min": 688, "max": 688},
    "write_bytes": {"mean": 18.0, "stdev": 0.0, "min": 18, "max": 18}
  },
  "memory": {
    "max": {"mean": 805142118.4, "stdev": 1570466.920064934, "min": 802205696, "max": 807899136},
    "max_perprocess": {"mean": 805142118.4, "stdev": 1570466.920064934, "min": 802205696, "max": 807899136}
  },
  "process": {
    "execution_time": {"mean": 6.7277000000000005, "stdev": 0.34036481898104565, "min": 6.142, "max": 7.29},
    "exit_code": {"mean": 0.0, "stdev": 0.0, "min": 0, "max": 0},
    "stderr_data": "None",
    "stdout_data": "None"
  },
  "time_series": {
    "cpu_percentages": {"mean": 29.228257761437906, "stdev": 75.20850451550056, "min": 0.0, "max": 937.5},
    "memory_bytes": {"mean": 547917761.6732026, "stdev": 249769996.2518575, "min": 2973696, "max": 807899136},
    "sample_milliseconds": {"mean": 3068.4165645424837, "stdev": 1960.0550621328082, "min": 2, "max": 7278}
  }
}
