{
  "cpu": {
    "system_time": {"mean": 0.0515625, "stdev": 0.023228232417685166, "min": 0.015625, "max": 0.09375},
    "total_time": {"mean": 1.125, "stdev": 0.30618621784789724, "min": 0.78125, "max": 1.734375},
    "user_time": {"mean": 1.0734375, "stdev": 0.299906398158242, "min": 0.71875, "max": 1.671875}
  },
  "disk": {
    "other_bytes": {"mean": 1196.0, "stdev": 0.0, "min": 1196, "max": 1196},
    "read_bytes": {"mean": 670.0, "stdev": 0.0, "min": 670, "max": 670},
    "total_bytes": {"mean": 688.0, "stdev": 0.0, "min": 688, "max": 688},
    "write_bytes": {"mean": 18.0, "stdev": 0.0, "min": 18, "max": 18}
  },
  "memory": {
    "max": {"mean": 170298163.2, "stdev": 1264142.7274314242, "min": 168562688, "max": 171917312},
    "max_perprocess": {"mean": 170298163.2, "stdev": 1264142.7274314242, "min": 168562688, "max": 171917312}
  },
  "process": {
    "execution_time": {"mean": 1.3903999999999999, "stdev": 0.07146775496683805, "min": 1.279, "max": 1.52},
    "exit_code": {"mean": 0.0, "stdev": 0.0, "min": 0, "max": 0},
    "stderr_data": "None",
    "stdout_data": "None"
  },
  "time_series": {
    "cpu_percentages": {"mean": 28.72017589239524, "stdev": 77.41205678387361, "min": 0.0, "max": 729.2},
    "memory_bytes": {"mean": 116755049.68442835, "stdev": 50771564.86522089, "min": 2195456, "max": 171917312},
    "sample_milliseconds": {"mean": 645.5075012933264, "stdev": 404.1297530370967, "min": 2, "max": 1507}
  }
}
