{
  "cpu": {
    "system_time": {"mean": 0.0015625, "stdev": 0.004687500000000001, "min": 0.0, "max": 0.015625},
    "total_time": {"mean": 0.0015625, "stdev": 0.004687500000000001, "min": 0.0, "max": 0.015625},
    "user_time": {"mean": 0.0, "stdev": 0.0, "min": 0.0, "max": 0.0}
  },
  "disk": {
    "other_bytes": {"mean": 270.0, "stdev": 18.0, "min": 264, "max": 324},
    "read_bytes": {"mean": 0.0, "stdev": 0.0, "min": 0, "max": 0},
    "total_bytes": {"mean": 0.0, "stdev": 0.0, "min": 0, "max": 0},
    "write_bytes": {"mean": 0.0, "stdev": 0.0, "min": 0, "max": 0}
  },
  "memory": {
    "max": {"mean": 3059302.4, "stdev": 139882.4479648537, "min": 2945024, "max": 3448832},
    "max_perprocess": {"mean": 3059302.4, "stdev": 139882.4479648537, "min": 2945024, "max": 3448832}
  },
  "process": {
    "execution_time": {"mean": 0.011899999999999999, "stdev": 0.0008306623862918078, "min": 0.011, "max": 0.014},
    "exit_code": {"mean": 101.0, "stdev": 0.0, "min": 101, "max": 101},
    "stderr_data": "None",
    "stdout_data": "None"
  },
  "time_series": {
    "cpu_percentages": {"mean": 0.0, "stdev": 0.0, "min": 0.0, "max": 0.0},
    "memory_bytes": {"mean": 3059302.4, "stdev": 139882.4479648537, "min": 2945024, "max": 3448832},
    "sample_milliseconds": {"mean": 1.5, "stdev": 0.5, "min": 1, "max": 2}
  }
}
