{
  "cpu": {
    "system_time": {"mean": 0.003125, "stdev": 0.006250000000000001, "min": 0.0, "max": 0.015625},
    "total_time": {"mean": 0.003125, "stdev": 0.006250000000000001, "min": 0.0, "max": 0.015625},
    "user_time": {"mean": 0.0, "stdev": 0.0, "min": 0.0, "max": 0.0}
  },
  "disk": {
    "other_bytes": {"mean": 270.0, "stdev": 18.0, "min": 264, "max": 324},
    "read_bytes": {"mean": 0.0, "stdev": 0.0, "min": 0, "max": 0},
    "total_bytes": {"mean": 0.0, "stdev": 0.0, "min": 0, "max": 0},
    "write_bytes": {"mean": 0.0, "stdev": 0.0, "min": 0, "max": 0}
  },
  "memory": {
    "max": {"mean": 3079372.8, "stdev": 100578.27876514889, "min": 2957312, "max": 3338240},
    "max_perprocess": {"mean": 3079372.8, "stdev": 100578.27876514889, "min": 2957312, "max": 3338240}
  },
  "process": {
    "execution_time": {"mean": 0.0121, "stdev": 0.0006999999999999999, "min": 0.011, "max": 0.013},
    "exit_code": {"mean": 101.0, "stdev": 0.0, "min": 101, "max": 101},
    "stderr_data": "None",
    "stdout_data": "None"
  },
  "time_series": {
    "cpu_percentages": {"mean": 0.0, "stdev": 0.0, "min": 0.0, "max": 0.0},
    "memory_bytes": {"mean": 3079372.8, "stdev": 100578.27876514889, "min": 2957312, "max": 3338240},
    "sample_milliseconds": {"mean": 1.7, "stdev": 0.45825756949558394, "min": 1, "max": 2}
  }
}
