{"platform": {"OS": "Linux", "CPU": "x86_64", "CORE_COUNT": 16, "RAM": 16733462528}, "Sim-base-high-bandwidth100": {"Machine_Count": "high-bandwidth100", "Iteration_Count": "5", "data": {"memory": {"mean": 40831385.6, "max": 75939840.0, "min": 18132992.0, "raw": [67252224, 21630976, 75939840, 18132992, 21200896]}, "processing_time": {"mean": 0.20000000000000004, "max": 0.4, "min": 0.07, "raw": [0.4, 0.11, 0.33, 0.07, 0.09]}}}, "Sim-base-high-bandwidth200": {"Machine_Count": "high-bandwidth200", "Iteration_Count": "5", "data": {"memory": {"mean": 58064076.8, "max": 76673024.0, "min": 15368192.0, "raw": [76673024, 67477504, 15368192, 63893504, 66908160]}, "processing_time": {"mean": 0.19, "max": 0.24, "min": 0.07, "raw": [0.24, 0.22, 0.07, 0.21, 0.21]}}}, "Sim-base-high-bandwidth300": {"Machine_Count": "high-bandwidth300", "Iteration_Count": "5", "data": {"memory": {"mean": 31442534.4, "max": 63086592.0, "min": 14954496.0, "raw": [15310848, 15310848, 48549888, 63086592, 14954496]}, "processing_time": {"mean": 0.12800000000000003, "max": 0.26, "min": 0.07, "raw": [0.07, 0.07, 0.17, 0.26, 0.07]}}}, "Sim-base-high-bandwidth400": {"Machine_Count": "high-bandwidth400", "Iteration_Count": "5", "data": {"memory": {"mean": 38660505.6, "max": 76337152.0, "min": 15335424.0, "raw": [15335424, 76337152, 63246336, 20070400, 18313216]}, "processing_time": {"mean": 0.154, "max": 0.28, "min": 0.07, "raw": [0.07, 0.28, 0.25, 0.09, 0.08]}}}, "Sim-base-high-bandwidth500": {"Machine_Count": "high-bandwidth500", "Iteration_Count": "5", "data": {"memory": {"mean": 17168793.6, "max": 22151168.0, "min": 15261696.0, "raw": [15388672, 17608704, 15261696, 15433728, 22151168]}, "processing_time": {"mean": 0.06599999999999999, "max": 0.09, "min": 0.06, "raw": [0.06, 0.06, 0.06, 0.06, 0.09]}}}, "Sim-base-high-bandwidth600": {"Machine_Count": "high-bandwidth600", "Iteration_Count": "5", "data": {"memory": {"mean": 27753676.8, "max": 69402624.0, "min": 14725120.0, "raw": [16293888, 69402624, 21192704, 17154048, 14725120]}, "processing_time": {"mean": 0.13200000000000003, "max": 0.37, "min": 0.06, "raw": [0.07, 0.37, 0.09, 0.07, 0.06]}}}, "Sim-base-high-bandwidth700": {"Machine_Count": "high-bandwidth700", "Iteration_Count": "5", "data": {"memory": {"mean": 37983846.4, "max": 72757248.0, "min": 15867904.0, "raw": [16588800, 15867904, 63635456, 21069824, 72757248]}, "processing_time": {"mean": 0.15, "max": 0.26, "min": 0.07, "raw": [0.08, 0.07, 0.26, 0.08, 0.26]}}}, "Sim-base-high-bandwidth800": {"Machine_Count": "high-bandwidth800", "Iteration_Count": "5", "data": {"memory": {"mean": 40719974.4, "max": 75427840.0, "min": 14438400.0, "raw": [18231296, 20250624, 75427840, 14438400, 75251712]}, "processing_time": {"mean": 0.156, "max": 0.31, "min": 0.07, "raw": [0.08, 0.08, 0.31, 0.07, 0.24]}}}, "Sim-base-high-bandwidth900": {"Machine_Count": "high-bandwidth900", "Iteration_Count": "5", "data": {"memory": {"mean": 48363110.4, "max": 76439552.0, "min": 14491648.0, "raw": [66363392, 66695168, 17825792, 14491648, 76439552]}, "processing_time": {"mean": 0.17, "max": 0.26, "min": 0.06, "raw": [0.21, 0.25, 0.07, 0.06, 0.26]}}}, "Sim-base-high-bandwidth1000": {"Machine_Count": "high-bandwidth1000", "Iteration_Count": "5", "data": {"memory": {"mean": 55152640.0, "max": 77971456.0, "min": 16273408.0, "raw": [63516672, 55934976, 77971456, 62066688, 16273408]}, "processing_time": {"mean": 0.202, "max": 0.36, "min": 0.07, "raw": [0.2, 0.19, 0.36, 0.19, 0.07]}}}}