{"platform": {"OS": "Windows", "CPU": "AMD64 Family 25 Model 33 Stepping 0, AuthenticAMD", "CORE_COUNT": 16, "RAM": 34281717760}, "Sim-basic-100000": {"Machine_Count": "100000", "Iteration_Count": "5", "data": {"memory": {"mean": 2487052697.6, "max": 2488508416.0, "min": 2485751808.0, "raw": [2487418880, 2488508416, 2485751808, 2487279616, 2486304768]}, "processing_time": {"mean": 2.1019999999999994, "max": 2.185, "min": 2.059, "raw": [2.085, 2.106, 2.185, 2.059, 2.075]}}}, "Sim-basic-200000": {"Machine_Count": "200000", "Iteration_Count": "5", "data": {"memory": {"mean": 4955577548.8, "max": 4958724096.0, "min": 4951793664.0, "raw": [4956876800, 4958724096, 4951793664, 4955967488, 4954525696]}, "processing_time": {"mean": 4.4514000000000005, "max": 4.524, "min": 4.409, "raw": [4.453, 4.435, 4.409, 4.436, 4.524]}}}, "Sim-basic-300000": {"Machine_Count": "300000", "Iteration_Count": "5", "data": {"memory": {"mean": 7424367820.8, "max": 7425601536.0, "min": 7422738432.0, "raw": [7422738432, 7423082496, 7425601536, 7425019904, 7425396736]}, "processing_time": {"mean": 7.126, "max": 7.342, "min": 7.048, "raw": [7.342, 7.125, 7.054, 7.048, 7.061]}}}, "Sim-basic-400000": {"Machine_Count": "400000", "Iteration_Count": "5", "data": {"memory": {"mean": 9895591936.0, "max": 9899577344.0, "min": 9890533376.0, "raw": [9891516416, 9890533376, 9899577344, 9897152512, 9899180032]}, "processing_time": {"mean": 10.0424, "max": 10.116, "min": 9.954, "raw": [10.063, 10.116, 9.998, 9.954, 10.081]}}}, "Sim-basic-500000": {"Machine_Count": "500000", "Iteration_Count": "5", "data": {"memory": {"mean": 12364602572.8, "max": 12371144704.0, "min": 12360257536.0, "raw": [12363313152, 12363644928, 12364652544, 12360257536, 12371144704]}, "processing_time": {"mean": 13.3858, "max": 13.461, "min": 13.289, "raw": [13.461, 13.373, 13.289, 13.348, 13.458]}}}, "Sim-basic-600000": {"Machine_Count": "600000", "Iteration_Count": "5", "data": {"memory": {"mean": 14831150694.4, "max": 14840991744.0, "min": 14824386560.0, "raw": [14832340992, 14827311104, 14840991744, 14830723072, 14824386560]}, "processing_time": {"mean": 17.392999999999997, "max": 18.035, "min": 16.893, "raw": [17.056, 16.893, 17.133, 18.035, 17.848]}}}, "Sim-basic-700000": {"Machine_Count": "700000", "Iteration_Count": "5", "data": {"memory": {"mean": 17301542502.4, "max": 17317171200.0, "min": 17288826880.0, "raw": [17317171200, 17299017728, 17302814720, 17299881984, 17288826880]}, "processing_time": {"mean": 22.185399999999998, "max": 22.222, "min": 22.126, "raw": [22.126, 22.193, 22.184, 22.202, 22.222]}}}, "Sim-basic-800000": {"Machine_Count": "800000", "Iteration_Count": "5", "data": {"memory": {"mean": 19767298457.6, "max": 19778510848.0, "min": 19754983424.0, "raw": [19764736000, 19774648320, 19778510848, 19763613696, 19754983424]}, "processing_time": {"mean": 26.949400000000004, "max": 27.26, "min": 26.779, "raw": [26.779, 26.898, 26.897, 27.26, 26.913]}}}, "Sim-basic-900000": {"Machine_Count": "900000", "Iteration_Count": "5", "data": {"memory": {"mean": 22232522752.0, "max": 22240120832.0, "min": 22222704640.0, "raw": [22234673152, 22222704640, 22230667264, 22234447872, 22240120832]}, "processing_time": {"mean": 32.43, "max": 32.591, "min": 32.081, "raw": [32.081, 32.504, 32.482, 32.591, 32.492]}}}, "Sim-basic-1000000": {"Machine_Count": "1000000", "Iteration_Count": "5", "data": {"memory": {"mean": 24703230771.2, "max": 24714313728.0, "min": 24693305344.0, "raw": [24714313728, 24709926912, 24693305344, 24698146816, 24700461056]}, "processing_time": {"mean": 38.4828, "max": 38.905, "min": 38.084, "raw": [38.629, 38.368, 38.428, 38.905, 38.084]}}}}